original_relpath,size,mtime_ns,out_name
AGENDA 2 DIAS POR HOJA/1a.png,1725197,1762618230804595200,agenda-2-dias-por-hoja_0001.webp
AGENDA 2 DIAS POR HOJA/IMG_3879.HEIC,2895637,1762539523079665300,agenda-2-dias-por-hoja_0002.webp
AGENDA 2 DIAS POR HOJA/IMG_3882.HEIC,3098681,1762539522872708800,agenda-2-dias-por-hoja_0003.webp
AGENDA 2 DIAS POR HOJA/IMG_3883.HEIC,3416127,1762539523275152000,agenda-2-dias-por-hoja_0004.webp
AGENDA 2 DIAS POR HOJA/IMG_3884.HEIC,3461306,1762539523207028600,agenda-2-dias-por-hoja_0005.webp
AGENDA 2 DIAS POR HOJA/IMG_3885.HEIC,3506671,1762539523592360800,agenda-2-dias-por-hoja_0006.webp
AGENDA 2 DIAS POR HOJA/IMG_3886.HEIC,3484252,1762539523720487900,agenda-2-dias-por-hoja_0007.webp
AGENDA 2 DIAS POR HOJA/IMG_3887.HEIC,3479596,1762539523782416900,agenda-2-dias-por-hoja_0008.webp
AGENDA 2 DIAS POR HOJA/IMG_3888.HEIC,3533793,1762539523465675800,agenda-2-dias-por-hoja_0009.webp
AGENDA 2 DIAS POR HOJA/IMG_3889.HEIC,3450837,1762539523024286600,agenda-2-dias-por-hoja_0010.webp
AGENDA 2 DIAS POR HOJA/IMG_3890.HEIC,3533119,1762539522959706100,agenda-2-dias-por-hoja_0011.webp
AGENDA 2 DIAS POR HOJA/IMG_3891.HEIC,3255906,1762539523139993800,agenda-2-dias-por-hoja_0012.webp
AGENDA 2 DIAS POR HOJA/IMG_3892.HEIC,3244423,1762539523528022900,agenda-2-dias-por-hoja_0013.webp
AGENDA 2 DIAS POR HOJA/IMG_3893.HEIC,3452436,1762539523398853900,agenda-2-dias-por-hoja_0014.webp
AGENDA 2 DIAS POR HOJA/IMG_3894.HEIC,3126196,1762539523334035000,agenda-2-dias-por-hoja_0015.webp
AGENDA 2 DIAS POR HOJA/video si o si.MP4,38410737,1762539275142172700,agenda-2-dias-por-hoja_0016.mp4
AGENDA DOCENTE INICIAL/0 a cuadernoDocente.png,1711280,1762621490749348900,agenda-docente-inicial_0001.webp
AGENDA DOCENTE INICIAL/0 VIDEO.MP4,56973184,1762540732798304600,agenda-docente-inicial_0002.mp4
AGENDA DOCENTE INICIAL/1.HEIC,2907256,1762540730935044800,agenda-docente-inicial_0003.webp
AGENDA DOCENTE INICIAL/10.HEIC,3199387,1762540731221411400,agenda-docente-inicial_0004.webp
AGENDA DOCENTE INICIAL/11.HEIC,3406619,1762540730700138500,agenda-docente-inicial_0005.webp
AGENDA DOCENTE INICIAL/12.HEIC,3148485,1762540730875456300,agenda-docente-inicial_0006.webp
AGENDA DOCENTE INICIAL/2.HEIC,3039852,1762540731060770700,agenda-docente-inicial_0007.webp
AGENDA DOCENTE INICIAL/3.HEIC,2968758,1762540730757687700,agenda-docente-inicial_0008.webp
AGENDA DOCENTE INICIAL/4.HEIC,2960639,1762540731788729400,agenda-docente-inicial_0009.webp
AGENDA DOCENTE INICIAL/5.HEIC,3067793,1762540730998115900,agenda-docente-inicial_0010.webp
AGENDA DOCENTE INICIAL/6.HEIC,3103578,1762540731581626000,agenda-docente-inicial_0011.webp
AGENDA DOCENTE INICIAL/7.HEIC,3162325,1762540731725775700,agenda-docente-inicial_0012.webp
AGENDA DOCENTE INICIAL/8.HEIC,3142253,1762540731286237400,agenda-docente-inicial_0013.webp
AGENDA DOCENTE INICIAL/9.HEIC,2969160,1762540731636893800,agenda-docente-inicial_0014.webp
AGENDA DOCENTE INICIAL/IMG_3904.HEIC,3009724,1762540731122274500,agenda-docente-inicial_0015.webp
AGENDA DOCENTE INICIAL/IMG_3911.HEIC,2870558,1762540730621878100,agenda-docente-inicial_0016.webp
AGENDA DOCENTE INICIAL/IMG_3914.HEIC,3109172,1762540730814929200,agenda-docente-inicial_0017.webp
AGENDA DOCENTE INICIAL/IMG_3915.HEIC,2944448,1762540731411958500,agenda-docente-inicial_0018.webp
AGENDA DOCENTE PRIMARIO/0 docente-inicial.png,1894792,1762620091816408800,agenda-docente-primario_0001.webp
AGENDA DOCENTE PRIMARIO/IMG_1667.heic,1635643,1762529757763087800,agenda-docente-primario_0002.webp
AGENDA DOCENTE PRIMARIO/IMG_1681.heic,1462537,1762529757700350300,agenda-docente-primario_0003.webp
AGENDA DOCENTE PRIMARIO/IMG_1689.heic,1487242,1762529757718359500,agenda-docente-primario_0004.webp
AGENDA DOCENTE PRIMARIO/IMG_3930.heic,2207756,1762545810657072800,agenda-docente-primario_0005.webp
AGENDA DOCENTE PRIMARIO/IMG_3932.heic,2288084,1762545810710565000,agenda-docente-primario_0006.webp
AGENDA DOCENTE PRIMARIO/IMG_3933.heic,2140358,1762545810690507000,agenda-docente-primario_0007.webp
AGENDA DOCENTE PRIMARIO/IMG_3943.heic,1882625,1762545810672569300,agenda-docente-primario_0008.webp
AGENDA DOCENTE PRIMARIO/IMG_3944.heic,2137840,1762545810617542800,agenda-docente-primario_0009.webp
AGENDA DOCENTE PRIMARIO/IMG_3947.heic,1952508,1762545810725736000,agenda-docente-primario_0010.webp
AGENDA DOCENTE PRIMARIO/IMG_3948.heic,2316858,1762545810745007100,agenda-docente-primario_0011.webp
AGENDA DOCENTE PRIMARIO/IMG_3949.heic,2244713,1762545810791416600,agenda-docente-primario_0012.webp
AGENDA DOCENTE PRIMARIO/IMG_3950.heic,2203041,1762545810775450700,agenda-docente-primario_0013.webp
AGENDA DOCENTE PRIMARIO/IMG_3953.heic,2168126,1762545810763634000,agenda-docente-primario_0014.webp
AGENDA DOCENTE PRIMARIO/VIDEO si o si.MP4,38190385,1762545465131222900,agenda-docente-primario_0015.mp4
AGENDA DOCENTE SECUNDARIO/0 docente-secundario-universitario.png,2055485,1762620344826223900,agenda-docente-secundario_0001.webp
AGENDA DOCENTE SECUNDARIO/1 si o si.HEIC,1515375,1761342817000000000,agenda-docente-secundario_0002.webp
AGENDA DOCENTE SECUNDARIO/2 si o si.HEIC,1519717,1761342801000000000,agenda-docente-secundario_0003.webp
AGENDA DOCENTE SECUNDARIO/2.HEIC,1483742,1761342794000000000,agenda-docente-secundario_0004.webp
AGENDA DOCENTE SECUNDARIO/3 video si o si.MP4,28733743,1762529210977090300,agenda-docente-secundario_0005.mp4
AGENDA DOCENTE SECUNDARIO/IMG_3528.HEIC,1694160,1761342828000000000,agenda-docente-secundario_0006.webp
AGENDA DOCENTE SECUNDARIO/IMG_3529.HEIC,1622964,1761342834000000000,agenda-docente-secundario_0007.webp
AGENDA DOCENTE SECUNDARIO/IMG_3530.HEIC,1831341,1761342842000000000,agenda-docente-secundario_0008.webp
AGENDA DOCENTE SECUNDARIO/IMG_3531.HEIC,1663009,1761342848000000000,agenda-docente-secundario_0009.webp
AGENDA DOCENTE SECUNDARIO/IMG_3532.HEIC,1645689,1761342855000000000,agenda-docente-secundario_0010.webp
AGENDA DOCENTE SECUNDARIO/IMG_3533.HEIC,1646112,1761342860000000000,agenda-docente-secundario_0011.webp
AGENDA DOCENTE SECUNDARIO/IMG_3534.HEIC,1651018,1761342865000000000,agenda-docente-secundario_0012.webp
AGENDA DOCENTE SECUNDARIO/IMG_3535.HEIC,1608130,1761342870000000000,agenda-docente-secundario_0013.webp
AGENDA DOCENTE SECUNDARIO/IMG_3536.HEIC,1621147,1761342878000000000,agenda-docente-secundario_0014.webp
AGENDA DOCENTE SECUNDARIO/IMG_3537.HEIC,1661558,1761342883000000000,agenda-docente-secundario_0015.webp
AGENDA DOCENTE SECUNDARIO/IMG_3538.HEIC,1682119,1761342902000000000,agenda-docente-secundario_0016.webp
AGENDA DOCENTE SECUNDARIO/IMG_3539.HEIC,1681454,1761342907000000000,agenda-docente-secundario_0017.webp
AGENDA DOCENTE SECUNDARIO/IMG_3540.HEIC,1764792,1761342913000000000,agenda-docente-secundario_0018.webp
AGENDA DOCENTE SECUNDARIO/IMG_3541.HEIC,1818357,1761342918000000000,agenda-docente-secundario_0019.webp
AGENDA DOCENTE SECUNDARIO/IMG_3542.HEIC,1721471,1761342929000000000,agenda-docente-secundario_0020.webp
AGENDA DOCENTE SECUNDARIO/IMG_3543.HEIC,1868847,1761342933000000000,agenda-docente-secundario_0021.webp
AGENDA DOCENTE SECUNDARIO/IMG_3544.HEIC,1675607,1761342976000000000,agenda-docente-secundario_0022.webp
AGENDA DOCENTE SECUNDARIO/IMG_3545.HEIC,1738882,1761342980000000000,agenda-docente-secundario_0023.webp
AGENDA DOCENTE SECUNDARIO/IMG_3546.HEIC,1710195,1761342985000000000,agenda-docente-secundario_0024.webp
AGENDA DOCENTE SECUNDARIO/IMG_3547.HEIC,1570105,1761342989000000000,agenda-docente-secundario_0025.webp
AGENDA DOCENTE SECUNDARIO/IMG_3548.HEIC,1651732,1761343014000000000,agenda-docente-secundario_0026.webp
AGENDA DOCENTE SECUNDARIO/IMG_3549.HEIC,1588536,1761343021000000000,agenda-docente-secundario_0027.webp
AGENDA DOCENTE SECUNDARIO/IMG_3550.HEIC,1783372,1761343036000000000,agenda-docente-secundario_0028.webp
AGENDA DOCENTE SECUNDARIO/IMG_3551.HEIC,1554921,1761343041000000000,agenda-docente-secundario_0029.webp
AGENDA SEMANAL/0 semanal.png,1917601,1762620603956151600,agenda-semanal_0001.webp
AGENDA SEMANAL/1.HEIC,3727744,1760378391000000000,agenda-semanal_0002.webp
AGENDA SEMANAL/10 si o si.HEIC,3235030,1758906121000000000,agenda-semanal_0003.webp
AGENDA SEMANAL/11.HEIC,3203539,1758906138000000000,agenda-semanal_0004.webp
AGENDA SEMANAL/12.HEIC,3274093,1758906146000000000,agenda-semanal_0005.webp
AGENDA SEMANAL/13.HEIC,3342618,1758906149000000000,agenda-semanal_0006.webp
AGENDA SEMANAL/2 si o si.heic,3122781,1762524761895780200,agenda-semanal_0007.webp
AGENDA SEMANAL/3.heic,3955577,1762524761833102500,agenda-semanal_0008.webp
AGENDA SEMANAL/4.heic,3456869,1762524761866116400,agenda-semanal_0009.webp
AGENDA SEMANAL/5.heic,3570399,1762524761778064000,agenda-semanal_0010.webp
AGENDA SEMANAL/6 si osi.HEIC,3453302,1758906099000000000,agenda-semanal_0011.webp
AGENDA SEMANAL/7.HEIC,3229815,1758906107000000000,agenda-semanal_0012.webp
AGENDA SEMANAL/8.HEIC,3246538,1758906112000000000,agenda-semanal_0013.webp
AGENDA SEMANAL/9.HEIC,3393752,1758906116000000000,agenda-semanal_0014.webp
AGENDA SEMANAL/IMG_2455.MOV,7843725,1758916373000000000,agenda-semanal_0015.mp4
AGENDA SEMANAL/IMG_2456.HEIC,2929403,1758916387000000000,agenda-semanal_0016.webp
AGENDA SEMANAL/IMG_2908.HEIC,4008745,1760378845000000000,agenda-semanal_0017.webp
AGENDA SEMANAL/IMG_2937.HEIC,3871296,1760379284000000000,agenda-semanal_0018.webp
AGENDA SEMANAL/IMG_2942.MOV,10769202,1760379346000000000,agenda-semanal_0019.mp4
AGENDA SEMANAL/IMG_2994.HEIC,2079437,1760552541000000000,agenda-semanal_0020.webp
AGENDA SEMANAL/IMG_2995.HEIC,2136350,1760552550000000000,agenda-semanal_0021.webp
AGENDA SEMANAL/IMG_2996.HEIC,2140060,1760552582000000000,agenda-semanal_0022.webp
AGENDA SEMANAL/IMG_2997.HEIC,2369341,1760552590000000000,agenda-semanal_0023.webp
AGENDA UNIVERSITARIA 2026/0 universitaria.png,1955122,1762621007701150100,agenda-universitaria-2026_0001.webp
AGENDA UNIVERSITARIA 2026/1 si o si.HEIC,3762623,1761341862000000000,agenda-universitaria-2026_0002.webp
AGENDA UNIVERSITARIA 2026/10 si o si.HEIC,2847340,1761342148000000000,agenda-universitaria-2026_0003.webp
AGENDA UNIVERSITARIA 2026/11 video si o si.MP4,39695685,1762527762771130000,agenda-universitaria-2026_0004.mp4
AGENDA UNIVERSITARIA 2026/2.HEIC,3432094,1761341875000000000,agenda-universitaria-2026_0005.webp
AGENDA UNIVERSITARIA 2026/3 si osi.HEIC,3383730,1761341910000000000,agenda-universitaria-2026_0006.webp
AGENDA UNIVERSITARIA 2026/4 si o si.HEIC,3652615,1761342039000000000,agenda-universitaria-2026_0007.webp
AGENDA UNIVERSITARIA 2026/5 si osi.HEIC,3584876,1761342053000000000,agenda-universitaria-2026_0008.webp
AGENDA UNIVERSITARIA 2026/6 si o si.HEIC,3642184,1761342059000000000,agenda-universitaria-2026_0009.webp
AGENDA UNIVERSITARIA 2026/7 si o si.HEIC,3524129,1761342096000000000,agenda-universitaria-2026_0010.webp
AGENDA UNIVERSITARIA 2026/8 si o si.HEIC,3043052,1761342115000000000,agenda-universitaria-2026_0011.webp
AGENDA UNIVERSITARIA 2026/9 si o si.HEIC,2968830,1761342131000000000,agenda-universitaria-2026_0012.webp
AGENDA UNIVERSITARIA 2026/IMG_3518.HEIC,3061910,1761342192000000000,agenda-universitaria-2026_0013.webp
BLOCK DE ORGANIZACION SEMANAL/alpiedelaletra-13.jpg,1683287,1762539970364281800,block-de-organizacion-semanal_0001.webp
BLOCK DE ORGANIZACION SEMANAL/IMG_0118.HEIC,1407912,1762542513540470500,block-de-organizacion-semanal_0002.webp
BLOCK DE ORGANIZACION SEMANAL/IMG_9390.HEIC,1602986,1762542076185923800,block-de-organizacion-semanal_0003.webp
BLOCK DE ORGANIZACION SEMANAL/IMG_9412.MOV,13319690,1762542141412218000,block-de-organizacion-semanal_0004.mp4
BLOCK DE ORGANIZACION SEMANAL/IMG_9414.HEIC,1250870,1762542211904713600,block-de-organizacion-semanal_0005.webp
BLOCK DE ORGANIZACION SEMANAL/IMG_9415.HEIC,1221507,1762542258065379100,block-de-organizacion-semanal_0006.webp
CUADERNO A4 TAPA BLANDA/0 cuaderno.png,1759663,1762621119228587300,cuaderno-a4-tapa-blanda_0001.webp
CUADERNO A4 TAPA BLANDA/E095A170-150D-4FB1-A9ED-DDAC553C401F.jpg,320943,1762541853283117900,cuaderno-a4-tapa-blanda_0002.webp
CUADERNO A4 TAPA BLANDA/IMG_0458.HEIC,1293469,1762541976580362800,cuaderno-a4-tapa-blanda_0003.webp
CUADERNO A4 TAPA BLANDA/IMG_3919.HEIC,2803757,1762542990706242200,cuaderno-a4-tapa-blanda_0004.webp
CUADERNO A4 TAPA BLANDA/IMG_3920.HEIC,2915477,1762542990596227200,cuaderno-a4-tapa-blanda_0005.webp
CUADERNO A4 TAPA BLANDA/IMG_3921.HEIC,2749268,1762542990523760000,cuaderno-a4-tapa-blanda_0006.webp
CUADERNO A4 TAPA BLANDA/IMG_3922.HEIC,3052842,1762542990899028600,cuaderno-a4-tapa-blanda_0007.webp
CUADERNO A4 TAPA BLANDA/IMG_3923.HEIC,2841403,1762542990772463200,cuaderno-a4-tapa-blanda_0008.webp
CUADERNO A4 TAPA BLANDA/IMG_3924.HEIC,2448068,1762542990647503800,cuaderno-a4-tapa-blanda_0009.webp
CUADERNO A4 TAPA BLANDA/IMG_3925.HEIC,2840979,1762542990836125500,cuaderno-a4-tapa-blanda_0010.webp
CUADERNO CON PLANNER PERPETUO/0 planner-perpetuo.png,1748226,1762621884838334600,cuaderno-con-planner-perpetuo_0001.webp
CUADERNO CON PLANNER PERPETUO/13c.jpg,118492,1762531081872938900,cuaderno-con-planner-perpetuo_0002.webp
CUADERNO CON PLANNER PERPETUO/AL PIE 01 R.mp4,42355301,1762530334867787800,cuaderno-con-planner-perpetuo_0003.mp4
CUADERNO DE PEDIDOS/0 pedidos.png,1652836,1762621270189309700,cuaderno-de-pedidos_0001.webp
CUADERNO DE PEDIDOS/37.jpg,170696,1762531152697245400,cuaderno-de-pedidos_0002.webp
CUADERNO DE PEDIDOS/38.jpg,175763,1762531134139008900,cuaderno-de-pedidos_0003.webp
CUADERNO DE PEDIDOS/4c864c9950e9440da37c4519fe8f35b8.mov,4885228,1762262994061614900,cuaderno-de-pedidos_0004.mp4
CUADERNO DE PEDIDOS/IMG_2675.jpg,2264438,1762530632457479900,cuaderno-de-pedidos_0005.webp
CUADERNO DE PEDIDOS/IMG_2676.jpg,1822822,1762530632477332800,cuaderno-de-pedidos_0006.webp
CUADERNO DE PEDIDOS/IMG_2677.jpg,3360126,1762530632428045200,cuaderno-de-pedidos_0007.webp
CUADERNO DE PEDIDOS/IMG_5241.HEIC,674058,1762530632384417600,cuaderno-de-pedidos_0008.webp
CUADERNO DOCENTE/DSC_0411.jpeg,9421236,1762530800855170700,cuaderno-docente_0001.webp
CUADERNO DOCENTE/DSC_0417.jpeg,9738901,1762263787156597700,cuaderno-docente_0002.webp
CUADERNO DOCENTE/DSC_0419.jpeg,9572382,1762263787093519100,cuaderno-docente_0003.webp
CUADERNO DOCENTE/DSC_0420.jpeg,10116833,1762263786966885600,cuaderno-docente_0004.webp
CUADERNO DOCENTE/DSC_0424.jpeg,8885434,1762263787030027400,cuaderno-docente_0005.webp
CUADERNO DOCENTE/DSC_0428.jpeg,10806789,1762263798487434100,cuaderno-docente_0006.webp
CUADERNO DOCENTE/DSC_0430.jpeg,11878196,1762263798630125400,cuaderno-docente_0007.webp
CUADERNO DOCENTE/DSC_0438.jpeg,8691697,1762263798409997800,cuaderno-docente_0008.webp
CUADERNO DOCENTE/DSC_0442.jpeg,9554543,1762263798710619700,cuaderno-docente_0009.webp
CUADERNO DOCENTE/DSC_0444.jpeg,9749282,1762263798774544200,cuaderno-docente_0010.webp
CUADERNO DOCENTE/DSC_0445.jpeg,9661635,1762263798550377000,cuaderno-docente_0011.webp
CUADERNO EMPRENDEDOR/0 emprendedor.png,1832162,1762624276718594800,cuaderno-emprendedor_0001.webp
CUADERNO EMPRENDEDOR/36.jpg,161194,1762531167044715100,cuaderno-emprendedor_0002.webp
CUADERNO EMPRENDEDOR/IMG_0020.HEIC,575602,1762263429997215100,cuaderno-emprendedor_0003.webp
CUADERNO TAPA DURA A5/1.jpg,1569315,1762540001429716600,cuaderno-tapa-dura-a5_0001.webp
CUADERNO TAPA DURA A5/13.jpg,176589,1762531104681049700,cuaderno-tapa-dura-a5_0002.webp
CUADERNO TAPA DURA A5/13b.jpg,171302,1762531111368035100,cuaderno-tapa-dura-a5_0003.webp
CUADERNO TAPA DURA A5/16.jpg,566069,1762533258787549000,cuaderno-tapa-dura-a5_0004.webp
CUADERNO TAPA DURA A5/18.jpg,558669,1762533258806754000,cuaderno-tapa-dura-a5_0005.webp
CUADERNO TAPA DURA A5/70BC2587-5B24-475F-8C55-048F830F5E0F.jpg,309923,1762541754259037700,cuaderno-tapa-dura-a5_0006.webp
CUADERNO TAPA DURA A5/DSC_0127.jpg,9747540,1762543058001174800,cuaderno-tapa-dura-a5_0007.webp
CUADERNO TAPA DURA A5/DSC_0192.jpg,7397585,1762543087805076000,cuaderno-tapa-dura-a5_0008.webp
CUADERNO TAPA DURA A5/DSC_0199.jpg,8685493,1762543100954545800,cuaderno-tapa-dura-a5_0009.webp
LIBRETAS A6/DSC_0179 (1).jpg,10586061,1762531399147650300,libretas-a6_0001.webp
personalizados/65df039fdc52402d9ff105e3f3e16f49.mov,6924833,1762541797977705000,personalizados_0001.mp4
personalizados/EEEFE898-FE27-4870-8195-871AF7CD673D.jpg,322297,1762541891673596000,personalizados_0002.webp
personalizados/F7642C33-C628-4A3B-ACBE-0A64A0F9E607.jpg,327649,1762541941244137900,personalizados_0003.webp
personalizados/IMG_0202.HEIC,1077895,1762542536167583000,personalizados_0004.webp
personalizados/IMG_0232.HEIC,1229218,1762542562076916000,personalizados_0005.webp
personalizados/IMG_0243.HEIC,987704,1762542585616877800,personalizados_0006.webp
personalizados/IMG_0249.HEIC,1632755,1762542599640221800,personalizados_0007.webp
personalizados/IMG_0250.HEIC,1482054,1762542611577528400,personalizados_0008.webp
personalizados/IMG_0251.HEIC,1471789,1762542623750879500,personalizados_0009.webp
personalizados/IMG_0253.HEIC,1212489,1762542641498061700,personalizados_0010.webp
personalizados/IMG_0254.HEIC,1679097,1762542678346954700,personalizados_0011.webp
personalizados/IMG_0256.HEIC,1367963,1762542779134284800,personalizados_0012.webp
personalizados/IMG_0263.HEIC,1537553,1762542790797545100,personalizados_0013.webp
personalizados/IMG_0336.HEIC,1049414,1762542817006761200,personalizados_0014.webp
personalizados/IMG_9797.HEIC,1597072,1762542840178459000,personalizados_0015.webp
personalizados/PERSONALIZADOS.MOV,6669118,1761314921000000000,personalizados_0016.mp4
PLANNER MENSUAL PERPETUO TAPA BLANDA/0 planner mensual.png,1748226,1762624349205288600,planner-mensual-perpetuo-tapa-blanda_0001.webp
PLANNER MENSUAL PERPETUO TAPA BLANDA/IMG_3863.HEIC,1937499,1762543335783026500,planner-mensual-perpetuo-tapa-blanda_0002.webp
PLANNER MENSUAL PERPETUO TAPA BLANDA/IMG_3864.HEIC,1956331,1762543335436364100,planner-mensual-perpetuo-tapa-blanda_0003.webp
PLANNER MENSUAL PERPETUO TAPA BLANDA/IMG_3865.HEIC,1874029,1762543335594107400,planner-mensual-perpetuo-tapa-blanda_0004.webp
PLANNER MENSUAL PERPETUO TAPA BLANDA/IMG_3866.HEIC,1717634,1762543335736994200,planner-mensual-perpetuo-tapa-blanda_0005.webp
PLANNER MENSUAL PERPETUO TAPA BLANDA/IMG_3867.HEIC,1726766,1762543335362610700,planner-mensual-perpetuo-tapa-blanda_0006.webp
PLANNER MENSUAL PERPETUO TAPA BLANDA/IMG_3868.HEIC,1797465,1762543335666592000,planner-mensual-perpetuo-tapa-blanda_0007.webp
PLANNER MENSUAL PERPETUO TAPA BLANDA/IMG_3869.HEIC,1901732,1762543335296847900,planner-mensual-perpetuo-tapa-blanda_0008.webp
PLANNER MENSUAL PERPETUO TAPA BLANDA/IMG_3870.HEIC,1999451,1762543335482200900,planner-mensual-perpetuo-tapa-blanda_0009.webp
PLANNER MENSUAL PERPETUO TAPA BLANDA/IMG_3871.HEIC,1949669,1762543335545416200,planner-mensual-perpetuo-tapa-blanda_0010.webp
PLANNER MENSUAL PERPETUO TAPA BLANDA/IMG_3872.HEIC,1958843,1762543335241104700,planner-mensual-perpetuo-tapa-blanda_0011.webp
PLANNER MENSUAL PERPETUO TAPA BLANDA/IMG_3894.HEIC,1228865,1762543335700970400,planner-mensual-perpetuo-tapa-blanda_0012.webp
PLANNER MENSUAL PERPETUO TAPA BLANDA/IMG_3895.HEIC,1163163,1762543335394499700,planner-mensual-perpetuo-tapa-blanda_0013.webp
PLANNER MENSUAL PERPETUO TAPA BLANDA/IMG_3896.HEIC,1167447,1762543335625405100,planner-mensual-perpetuo-tapa-blanda_0014.webp
PLANNER MENSUAL PERPETUO TAPA BLANDA/IMG_3897.HEIC,1224163,1762543335324743900,planner-mensual-perpetuo-tapa-blanda_0015.webp
PLANNER SEMANAL PERPETUO TAPA BLANDA/0 planner semanal.png,1951713,1762624372015280500,planner-semanal-perpetuo-tapa-blanda_0001.webp
PLANNER SEMANAL PERPETUO TAPA BLANDA/IMG_3892.MOV,25068522,1762543336251929000,planner-semanal-perpetuo-tapa-blanda_0002.mp4
PLANNER SEMANAL PERPETUO TAPA DURA/0 planner semanal.png,1951713,1762624395398935300,planner-semanal-perpetuo-tapa-dura_0001.webp
PLANNER SEMANAL PERPETUO TAPA DURA/1 si o si.HEIC,3246232,1761314832000000000,planner-semanal-perpetuo-tapa-dura_0002.webp
PLANNER SEMANAL PERPETUO TAPA DURA/2 si o si.HEIC,3289024,1761314843000000000,planner-semanal-perpetuo-tapa-dura_0003.webp
PLANNER SEMANAL PERPETUO TAPA DURA/3 si  si.HEIC,3255017,1761314852000000000,planner-semanal-perpetuo-tapa-dura_0004.webp
PLANNER SEMANAL PERPETUO TAPA DURA/4 si o si.HEIC,3530526,1761314858000000000,planner-semanal-perpetuo-tapa-dura_0005.webp
PLANNER SEMANAL PERPETUO TAPA DURA/5 si o si.HEIC,3329778,1761314888000000000,planner-semanal-perpetuo-tapa-dura_0006.webp
PLANNER SEMANAL PERPETUO TAPA DURA/IMG_3464.HEIC,3336899,1761314738000000000,planner-semanal-perpetuo-tapa-dura_0007.webp
PLANNER SEMANAL PERPETUO TAPA DURA/IMG_3465.HEIC,3417415,1761314744000000000,planner-semanal-perpetuo-tapa-dura_0008.webp
PLANNER SEMANAL PERPETUO TAPA DURA/IMG_3466.HEIC,3740230,1761314811000000000,planner-semanal-perpetuo-tapa-dura_0009.webp
PLANNER SEMANAL PERPETUO TAPA DURA/IMG_3467.HEIC,3799156,1761314822000000000,planner-semanal-perpetuo-tapa-dura_0010.webp
PLANNER SEMANAL PERPETUO TAPA DURA/IMG_3473.HEIC,3757854,1761314903000000000,planner-semanal-perpetuo-tapa-dura_0011.webp
PLANNER SEMANAL PERPETUO TAPA DURA/IMG_3477.MOV,10859068,1761314967000000000,planner-semanal-perpetuo-tapa-dura_0012.mp4
RECETARIOS/0 recetario.png,1691012,1762622547946054700,recetarios_0001.webp
RECETARIOS/197761.jpeg,91336,1762262965425499700,recetarios_0002.webp
RECETARIOS/197768.jpeg,90754,1762263028908792600,recetarios_0003.webp
RECETARIOS/alpiedelaletra3-03.jpg,1939719,1762539988726487800,recetarios_0004.webp
RECETARIOS/FAA6CCAE-7471-4E5D-86AB-A966C1593163.jpg,367224,1762263140999618800,recetarios_0005.webp
RECETARIOS/IMG_4250.HEIC,1669706,1762533282793637100,recetarios_0006.webp
RECETARIOS/IMG_4251.HEIC,1827092,1762533282774640800,recetarios_0007.webp
RECETARIOS/IMG_4252.HEIC,1280822,1762533282755643200,recetarios_0008.webp
RECETARIOS/IMG_4253.HEIC,1467086,1762533282691473100,recetarios_0009.webp
RECETARIOS/IMG_4254.HEIC,1505637,1762533282632942200,recetarios_0010.webp
RECETARIOS/IMG_4255.HEIC,1362889,1762533282723664800,recetarios_0011.webp
RECETARIOS/IMG_4256.HEIC,1243806,1762533282707463400,recetarios_0012.webp
RECETARIOS/IMG_4257.HEIC,1465684,1762533282740644200,recetarios_0013.webp
RECETARIOS/IMG_7227.MOV,28760234,1762263550728155700,recetarios_0014.mp4
RECETARIOS/IMG_7263.PNG,650977,1762263621273426600,recetarios_0015.webp
